t_sec,P,TAVG,LVPZ,LVCR,PWNT,PRB,CNH2,RM1,DWB,DTHY
0.0,155.50001525878906,310.0,62.0,7.924896240234375,100.0,1.034000039100647,0.0,0.0010999999940395,1.691944635240361e-05,0.0001689466880634
10.0,155.48487854003906,310.0242614746094,61.971710205078125,7.924896240234375,99.63728332519533,1.034000039100647,0.0,0.0010999999940395,1.691944635240361e-05,0.0001689466880634
20.0,155.521728515625,310.0987854003906,62.04224395751953,7.924896240234375,98.4028091430664,1.034000039100647,0.0,0.0010999999940395,1.691944635240361e-05,0.0001689466880634
30.0,155.55413818359375,310.1805114746094,62.10487365722656,7.924896240234375,96.8234634399414,1.034000039100647,0.0,0.0010999999940395,1.691944635240361e-05,0.0001689466880634
40.0,155.57754516601562,310.2659912109375,62.14869689941406,7.924896240234375,95.20800018310548,1.034000039100647,0.0,0.0010999999940395,1.691944635240361e-05,0.0001689466880634
50.0,155.57142639160156,310.3368530273437,62.1455078125,7.924896240234375,93.2659912109375,1.034000039100647,0.0,0.0010999999940395,1.691944635240361e-05,0.0001689466880634
60.0,155.4904022216797,310.3667907714844,62.01757049560547,7.924896240234375,91.3017807006836,1.034000039100647,0.0,0.0010999999940395,1.691944635240361e-05,0.0001689466880634
70.0,155.3430633544922,310.3588256835937,61.774696350097656,7.924896240234375,89.33489990234375,1.034000039100647,0.0,0.0010999999940395,1.691944635240361e-05,0.0001689466880634
80.0,155.14895629882812,310.3216857910156,61.43976974487305,7.924896240234375,87.55168151855469,1.034000039100647,0.0,0.0010999999940395,1.691944635240361e-05,0.0001689466880634
90.0,154.9513702392578,310.2815856933594,61.08336639404297,7.924896240234375,85.80851745605469,1.034000039100647,0.0,0.0010999999940395,1.691944635240361e-05,0.0001689466880634
100.0,154.754150390625,310.2402038574219,60.71378707885742,7.924896240234375,84.08460235595703,1.034000039100647,0.0,0.0010999999940395,1.691944635240361e-05,0.0001689466880634
110.0,154.55938720703125,310.19873046875,60.33456802368164,7.924896240234375,82.36122131347656,1.034000039100647,0.0,0.0010999999940395,1.691944635240361e-05,0.0001689466880634
120.0,154.3678741455078,310.157470703125,59.94744110107422,7.924896240234375,80.63520050048828,1.034000039100647,0.0,0.0010999999940395,1.691944635240361e-05,0.0001689466880634
130.0,154.17466735839844,310.1166076660156,59.55331802368164,7.924896240234375,78.90194702148438,1.034000039100647,0.0,0.0010999999940395,1.691944635240361e-05,0.0001689466880634
140.0,153.99331665039062,310.0761108398437,59.15444946289063,7.924896240234375,77.16622161865234,1.034000039100647,0.0,0.0010999999940395,1.691944635240361e-05,0.0001689466880634
150.0,153.91636657714844,310.0333251953125,58.728702545166016,7.924896240234375,75.45452880859375,1.034000039100647,0.0,0.0010999999940395,1.691944635240361e-05,0.0001689466880634
160.0,153.83656311035156,309.9921264648437,58.29637145996094,7.924896240234375,73.73280334472656,1.034000039100647,0.0,0.0010999999940395,1.691944635240361e-05,0.0001689466880634
170.0,153.75369262695312,309.9512023925781,57.86017227172852,7.924896240234375,72.00127410888672,1.034000039100647,0.0,0.0010999999940395,1.691944635240361e-05,0.0001689466880634
180.0,153.6680145263672,309.9110717773437,57.41990280151367,7.924896240234375,70.2585220336914,1.034000039100647,0.0,0.0010999999940395,1.691944635240361e-05,0.0001689466880634
190.0,153.5797882080078,309.8708190917969,56.97586441040039,7.924896240234375,68.51685333251953,1.034000039100647,0.0,0.0010999999940395,1.691944635240361e-05,0.0001689466880634
200.0,153.49215698242188,309.830810546875,56.53321838378906,7.924896240234375,66.77252197265625,1.034000039100647,0.0,0.0010999999940395,1.691944635240361e-05,0.0001689466880634
210.0,153.40463256835938,309.7908020019531,56.09144592285156,7.924896240234375,65.02838897705078,1.034000039100647,0.0,0.0010999999940395,1.691944635240361e-05,0.0001689466880634
220.0,153.3167266845703,309.7504272460937,55.6495475769043,7.924896240234375,63.28853225708008,1.034000039100647,0.0,0.0010999999940395,1.691944635240361e-05,0.0001689466880634
230.0,153.228759765625,309.7098388671875,55.20790863037109,7.924896240234375,61.5543327331543,1.034000039100647,0.0,0.0010999999940395,1.691944635240361e-05,0.0001689466880634
240.0,153.1405029296875,309.6691589355469,54.76652526855469,7.924896240234375,59.822242736816406,1.034000039100647,0.0,0.0010999999940395,1.691944635240361e-05,0.0001689466880634
250.0,153.05169677734375,309.62811279296875,54.32471084594727,7.924896240234375,58.096099853515625,1.034000039100647,0.0,0.0010999999940395,1.691944635240361e-05,0.0001689466880634
260.0,152.96299743652344,309.5870361328125,53.88356399536133,7.924896240234375,56.37068939208984,1.034000039100647,0.0,0.0010999999940395,1.691944635240361e-05,0.0001689466880634
270.0,152.87435913085938,309.5457763671875,53.44305038452149,7.924896240234375,54.64940643310547,1.034000039100647,0.0,0.0010999999940395,1.691944635240361e-05,0.0001689466880634
280.0,152.7855224609375,309.50439453125,53.00285339355469,7.924896240234375,52.93087387084961,1.034000039100647,0.0,0.0010999999940395,1.691944635240361e-05,0.0001689466880634
290.0,152.6960906982422,309.462646484375,52.5622444152832,7.924896240234375,51.21758270263672,1.034000039100647,0.0,0.0010999999940395,1.691944635240361e-05,0.0001689466880634
300.0,152.60650634765625,309.4207763671875,52.12192535400391,7.924896240234375,49.50947189331055,1.034000039100647,0.0,0.0010999999940395,3.688334982143715e-05,0.0014258538139984
310.0,152.0572509765625,309.1030578613281,51.01593017578125,7.924896240234375,51.23281478881836,1.034000039100647,0.0,0.0010999999940395,3.665699841803871e-05,0.0014116025995463
320.0,151.94232177734375,309.0589904785156,50.51614761352539,7.924896240234375,50.30964279174805,1.034000039100647,0.0,0.0010999999940395,3.65346459147986e-05,0.0014038996305316
330.0,151.79441833496094,308.9781188964844,49.99910736083984,7.924896240234375,48.99306106567383,1.034000039100647,0.0,0.0010999999940395,3.647392804850824e-05,0.0014000773662701
340.0,151.6663055419922,308.9153747558594,49.49522018432617,7.924896240234375,47.70503234863281,1.034000039100647,0.0,0.0010999999940395,3.643272430053912e-05,0.0013974831672385
350.0,151.57708740234375,308.865966796875,49.03848648071289,7.924896240234375,46.11715698242188,1.034000039100647,0.0,0.0010999999940395,3.640368595370092e-05,0.0013956549810245
360.0,151.47845458984375,308.8109130859375,48.56578826904297,7.924896240234375,44.58704376220703,1.034000039100647,0.0,0.0010999999940395,3.637967893155292e-05,0.0013941434444859
370.0,151.33387756347656,308.72088623046875,48.025634765625,7.924896240234375,43.372859954833984,1.034000039100647,0.0,0.0010999999940395,3.632612060755491e-05,0.0013907714746892
380.0,151.10140991210938,308.578125,47.33330535888672,7.924896240234375,42.98647689819336,1.034000039100647,0.0,0.0010999999940395,3.622101939981803e-05,0.0013841545442119
390.0,150.86923217773438,308.436279296875,46.64061737060547,7.924896240234375,42.74244689941406,1.034000039100647,0.0,0.0010999999940395,3.609138002502732e-05,0.0013759922003373
400.0,150.62303161621094,308.2847595214844,45.92837524414063,7.924896240234375,42.58605194091797,1.034000039100647,0.0,0.0010999999940395,3.595140515244566e-05,0.0013671800261363
410.0,150.3643341064453,308.1265563964844,45.19888305664063,7.924896240234375,42.53630447387695,1.034000039100647,0.0,0.0010999999940395,3.5806267987936735e-05,0.0013580418890342
420.0,150.074462890625,307.9671936035156,44.47301864624024,7.924896240234375,42.522438049316406,1.034000039100647,0.0,0.0010999999940395,3.565952283679508e-05,0.001348803169094
430.0,149.771728515625,307.80535888671875,43.747108459472656,7.924896240234375,42.54083251953125,1.034000039100647,0.0,0.0010999999940395,3.5513632610673085e-05,0.0013396176509559
440.0,149.46890258789062,307.64385986328125,43.02427291870117,7.924896240234375,42.5590934753418,1.034000039100647,0.0,0.0010999999940395,3.5368928365642205e-05,0.0013305075699463
450.0,149.16346740722656,307.48101806640625,42.3011589050293,7.924896240234375,42.58036804199219,1.034000039100647,0.0,0.0010999999940395,3.522542829159647e-05,0.0013214729260653
460.0,148.8552703857422,307.3170166015625,41.57743835449219,7.924896240234375,42.61199188232422,1.034000039100647,0.0,0.0010999999940395,3.50829832314048e-05,0.0013125048717483
470.0,148.5621337890625,307.1336364746094,40.86998748779297,7.924896240234375,42.73943328857422,1.034000039100647,0.0,0.0010999999940395,3.494143675197847e-05,0.0013035928132012
480.0,148.4637451171875,306.9476013183594,40.41615676879883,7.924896240234375,43.2299919128418,1.034000039100647,0.0,0.0010999999940395,3.4795513784047216e-05,0.0012944056652486
490.0,148.44996643066406,306.80096435546875,40.088157653808594,7.924896240234375,43.10186004638672,1.034000039100647,0.0,0.0010999999940395,3.465588088147342e-05,0.0012856137473136
500.0,148.39407348632812,306.6223449707031,39.70513153076172,7.924896240234375,43.156097412109375,1.034000039100647,0.0,0.0010999999940395,3.4518277971073985e-05,0.0012769505847245
510.0,148.36122131347656,306.4529113769531,39.348419189453125,7.924896240234375,43.28507614135742,1.034000039100647,0.0,0.0010999999940395,3.438023486523889e-05,0.0012682595988735
520.0,148.34901428222656,306.28887939453125,39.02121353149414,7.924896240234375,43.2900390625,1.034000039100647,0.0,0.0010999999940395,3.424448368605226e-05,0.0012597128516063
530.0,148.3339385986328,306.11737060546875,38.69020462036133,7.924896240234375,43.33681106567383,1.034000039100647,0.0,0.0010999999940395,3.410980207263492e-05,0.0012512336252257
540.0,148.33035278320312,305.94732666015625,38.3733024597168,7.924896240234375,43.39804458618164,1.034000039100647,0.0,0.0010999999940395,3.397585896891542e-05,0.0012428006157279
550.0,148.3614501953125,305.80230712890625,38.08148956298828,7.924896240234375,43.393680572509766,1.034000039100647,0.0,0.0010999999940395,1.691944635240361e-05,0.0001689466880634
560.0,148.81805419921875,305.9322509765625,38.39664459228516,7.924896240234375,40.00943756103516,1.034000039100647,0.0,0.0010999999940395,1.691944635240361e-05,0.0001689466880634
570.0,148.8077392578125,305.7455139160156,38.093387603759766,7.924896240234375,39.1148567199707,1.034000039100647,0.0,0.0010999999940395,1.691944635240361e-05,0.0001689466880634
580.0,148.82981872558594,305.5850524902344,37.799747467041016,7.924896240234375,39.15603256225586,1.034000039100647,0.0,0.0010999999940395,1.691944635240361e-05,0.0001689466880634
590.0,148.91372680664062,305.4515075683594,37.5976448059082,7.924896240234375,38.71181106567383,1.034000039100647,0.0,0.0010999999940395,1.691944635240361e-05,0.0001689466880634
600.0,148.9349822998047,305.27685546875,37.31523132324219,7.924896240234375,38.61075592041016,1.034000039100647,0.0,0.0010999999940395,1.691944635240361e-05,0.0001689466880634
610.0,148.96926879882812,305.10662841796875,37.04530715942383,7.924896240234375,38.63160705566406,1.034000039100647,0.0,0.0010999999940395,1.691944635240361e-05,0.0001689466880634
620.0,149.02296447753906,304.9425964355469,36.80108642578125,7.924896240234375,38.574825286865234,1.034000039100647,0.0,0.0010999999940395,1.691944635240361e-05,0.0001689466880634
630.0,149.0739288330078,304.77154541015625,36.55363082885742,7.924896240234375,38.53881072998047,1.034000039100647,0.0,0.0010999999940395,1.691944635240361e-05,0.0001689466880634
640.0,149.13160705566406,304.5987548828125,36.31341171264648,7.924896240234375,38.544769287109375,1.034000039100647,0.0,0.0010999999940395,1.691944635240361e-05,0.0001689466880634
650.0,149.20144653320312,304.427490234375,36.08822250366211,7.924896240234375,38.53882598876953,1.034000039100647,0.0,0.0010999999940395,1.691944635240361e-05,0.0001689466880634
660.0,149.27713012695312,304.25396728515625,35.87017822265625,7.924896240234375,38.53670883178711,1.034000039100647,0.0,0.0010999999940395,1.691944635240361e-05,0.0001689466880634
670.0,149.36083984375,304.0800170898437,35.66157913208008,7.924896240234375,38.53835678100586,1.034000039100647,0.0,0.0010999999940395,1.691944635240361e-05,0.0001689466880634
680.0,149.45191955566406,303.9051818847656,35.461753845214844,7.924896240234375,38.54114532470703,1.034000039100647,0.0,0.0010999999940395,1.691944635240361e-05,0.0001689466880634
690.0,149.54913330078125,303.7292175292969,35.269195556640625,7.924896240234375,38.54840469360352,1.034000039100647,0.0,0.0010999999940395,1.691944635240361e-05,0.0001689466880634
700.0,149.65078735351562,303.552490234375,35.0818977355957,7.924896240234375,38.55745315551758,1.034000039100647,0.0,0.0010999999940395,1.691944635240361e-05,0.0001689466880634
710.0,149.7567138671875,303.37506103515625,34.899269104003906,7.924896240234375,38.57029342651367,1.034000039100647,0.0,0.0010999999940395,1.691944635240361e-05,0.0001689466880634
720.0,149.86798095703125,303.1973876953125,34.72291564941406,7.924896240234375,38.57689666748047,1.034000039100647,0.0,0.0010999999940395,1.691944635240361e-05,0.0001689466880634
730.0,149.98289489746094,303.0189819335937,34.550785064697266,7.924896240234375,38.58014678955078,1.034000039100647,0.0,0.0010999999940395,1.691944635240361e-05,0.0001689466880634
740.0,150.10108947753906,302.8392944335937,34.382164001464844,7.924896240234375,38.58887481689453,1.034000039100647,0.0,0.0010999999940395,1.691944635240361e-05,0.0001689466880634
750.0,150.22262573242188,302.6586608886719,34.21730041503906,7.924896240234375,38.59952545166016,1.034000039100647,0.0,0.0010999999940395,1.691944635240361e-05,0.0001689466880634
760.0,150.34149169921875,302.4779968261719,34.05869674682617,7.924896240234375,38.6072883605957,1.034000039100647,0.0,0.0010999999940395,1.691944635240361e-05,0.0001689466880634
770.0,150.4505157470703,302.2962646484375,33.90801239013672,7.924896240234375,38.615325927734375,1.034000039100647,0.0,0.0010999999940395,1.691944635240361e-05,0.0001689466880634
780.0,150.56179809570312,302.1136779785156,33.761131286621094,7.924896240234375,38.62246322631836,1.034000039100647,0.0,0.0010999999940395,1.691944635240361e-05,0.0001689466880634
790.0,150.67501831054688,301.93017578125,33.61760711669922,7.924896240234375,38.63086318969727,1.034000039100647,0.0,0.0010999999940395,1.691944635240361e-05,0.0001689466880634
800.0,150.78982543945312,301.74566650390625,33.47667694091797,7.924896240234375,38.64422225952149,1.034000039100647,0.0,0.0010999999940395,1.691944635240361e-05,0.0001689466880634
810.0,150.90773010253906,301.56109619140625,33.34091567993164,7.924896240234375,38.65079879760742,1.034000039100647,0.0,0.0010999999940395,1.691944635240361e-05,0.0001689466880634
820.0,151.0266876220703,301.3753356933594,33.20765686035156,7.924896240234375,38.65729522705078,1.034000039100647,0.0,0.0010999999940395,1.691944635240361e-05,0.0001689466880634
830.0,151.14637756347656,301.188232421875,33.07676696777344,7.924896240234375,38.6671142578125,1.034000039100647,0.0,0.0010999999940395,1.691944635240361e-05,0.0001689466880634
840.0,151.26417541503906,300.9976501464844,32.94321060180664,7.924896240234375,38.70077896118164,1.034000039100647,0.0,0.0010999999940395,1.691944635240361e-05,0.0001689466880634
850.0,151.38986206054688,300.8109741210937,32.820640563964844,7.924896240234375,38.7890510559082,1.034000039100647,0.0,0.0010999999940395,1.691944635240361e-05,0.0001689466880634
860.0,151.54129028320312,300.641845703125,32.73459243774414,7.924896240234375,38.98249435424805,1.034000039100647,0.0,0.0010999999940395,1.691944635240361e-05,0.0001689466880634
870.0,151.7387237548828,300.4988098144531,32.703704833984375,7.924896240234375,39.139625549316406,1.034000039100647,0.0,0.0010999999940395,1.691944635240361e-05,0.0001689466880634
880.0,151.99362182617188,300.3731689453125,32.698143005371094,7.924896240234375,39.25501251220703,1.034000039100647,0.0,0.0010999999940395,1.691944635240361e-05,0.0001689466880634
890.0,152.2679901123047,300.2609558105469,32.71660614013672,7.924896240234375,39.375526428222656,1.034000039100647,0.0,0.0010999999940395,1.691944635240361e-05,0.0001689466880634
900.0,152.56387329101562,300.1644897460937,32.76219177246094,7.924896240234375,39.47975158691406,1.034000039100647,0.0,0.0010999999940395,1.691944635240361e-05,0.0001689466880634
910.0,152.87474060058594,300.08026123046875,32.828514099121094,7.924896240234375,39.55996322631836,1.034000039100647,0.0,0.0010999999940395,1.691944635240361e-05,0.0001689466880634
920.0,153.19674682617188,300.00604248046875,32.91012954711914,7.924896240234375,39.635398864746094,1.034000039100647,0.0,0.0010999999940395,1.691944635240361e-05,0.0001689466880634
930.0,153.52920532226562,299.9415588378906,33.0060920715332,7.924896240234375,39.70161819458008,1.034000039100647,0.0,0.0010999999940395,1.691944635240361e-05,0.0001689466880634
940.0,153.87026977539062,299.8855895996094,33.11402130126953,7.924896240234375,39.75535583496094,1.034000039100647,0.0,0.0010999999940395,1.691944635240361e-05,0.0001689466880634
950.0,154.21788024902344,299.8367614746094,33.23110580444336,7.924896240234375,39.801490783691406,1.034000039100647,0.0,0.0010999999940395,1.691944635240361e-05,0.0001689466880634
960.0,154.56858825683594,299.7943115234375,33.35573959350586,7.924896240234375,39.84064865112305,1.034000039100647,0.0,0.0010999999940395,1.691944635240361e-05,0.0001689466880634
970.0,154.9075164794922,299.75750732421875,33.4896240234375,7.924896240234375,39.87403106689453,1.034000039100647,0.0,0.0010999999940395,1.691944635240361e-05,0.0001689466880634
980.0,155.23178100585938,299.7255554199219,33.632286071777344,7.924896240234375,39.90117263793945,1.034000039100647,0.0,0.0010999999940395,1.691944635240361e-05,0.0001689466880634
990.0,155.5411376953125,299.6978454589844,33.78182601928711,7.924896240234375,39.924686431884766,1.034000039100647,0.0,0.0010999999940395,1.691944635240361e-05,0.0001689466880634
1000.0,155.84584045410156,299.6742248535156,33.93581771850586,7.924896240234375,39.94092178344727,1.034000039100647,0.0,0.0010999999940395,1.691944635240361e-05,0.0001689466880634
1010.0,156.15048217773438,299.6533203125,34.089962005615234,7.924896240234375,39.944557189941406,1.034000039100647,0.0,0.0010999999940395,1.691944635240361e-05,0.0001689466880634
1020.0,156.4520263671875,299.6328125,34.240333557128906,7.924896240234375,39.93510818481445,1.034000039100647,0.0,0.0010999999940395,1.691944635240361e-05,0.0001689466880634
1030.0,156.7493133544922,299.6118469238281,34.384971618652344,7.924896240234375,39.927581787109375,1.034000039100647,0.0,0.0010999999940395,1.691944635240361e-05,0.0001689466880634
1040.0,157.04238891601562,299.5907287597656,34.52411651611328,7.924896240234375,39.9208869934082,1.034000039100647,0.0,0.0010999999940395,1.691944635240361e-05,0.0001689466880634
1050.0,157.0795440673828,299.56646728515625,34.542266845703125,7.924896240234375,39.92889404296875,1.034000039100647,0.0,0.0010999999940395,1.691944635240361e-05,0.0001689466880634
1060.0,157.108642578125,299.5464782714844,34.48693084716797,7.924896240234375,39.93635940551758,1.034000039100647,0.0,0.0010999999940395,1.691944635240361e-05,0.0001689466880634
1070.0,157.08657836914062,299.5246887207031,34.463623046875,7.924896240234375,39.93228912353516,1.034000039100647,0.0,0.0010999999940395,1.691944635240361e-05,0.0001689466880634
1080.0,157.10704040527344,299.50360107421875,34.404781341552734,7.924896240234375,39.92923355102539,1.034000039100647,0.0,0.0010999999940395,1.691944635240361e-05,0.0001689466880634
1090.0,157.0852508544922,299.482421875,34.36533737182617,7.924896240234375,39.92940521240234,1.034000039100647,0.0,0.0010999999940395,1.691944635240361e-05,0.0001689466880634
1100.0,157.08905029296875,299.4609069824219,34.322471618652344,7.924896240234375,39.92775344848633,1.034000039100647,0.0,0.0010999999940395,1.691944635240361e-05,0.0001689466880634
1110.0,157.11131286621094,299.43865966796875,34.27688217163086,7.924896240234375,39.93251419067383,1.034000039100647,0.0,0.0010999999940395,1.691944635240361e-05,0.0001689466880634
1120.0,157.1097412109375,299.4166564941406,34.235252380371094,7.924896240234375,39.93487930297852,1.034000039100647,0.0,0.0010999999940395,1.691944635240361e-05,0.0001689466880634
1130.0,157.1083526611328,299.3950500488281,34.19193649291992,7.924896240234375,39.93729019165039,1.034000039100647,0.0,0.0010999999940395,1.691944635240361e-05,0.0001689466880634
1140.0,157.0872802734375,299.3745422363281,34.163177490234375,7.924896240234375,39.93402862548828,1.034000039100647,0.0,0.0010999999940395,1.691944635240361e-05,0.0001689466880634
1150.0,157.09359741210938,299.3509521484375,34.10905838012695,7.924896240234375,39.93292617797852,1.034000039100647,0.0,0.0010999999940395,1.691944635240361e-05,0.0001689466880634
1160.0,157.08584594726562,299.3304138183594,34.06373977661133,7.924896240234375,39.943843841552734,1.034000039100647,0.0,0.0010999999940395,1.691944635240361e-05,0.0001689466880634
1170.0,157.08834838867188,299.30877685546875,34.0353889465332,7.924896240234375,39.93721008300781,1.034000039100647,0.0,0.0010999999940395,1.691944635240361e-05,0.0001689466880634
1180.0,157.08737182617188,299.2865295410156,33.97713088989258,7.924896240234375,39.93701934814453,1.034000039100647,0.0,0.0010999999940395,1.691944635240361e-05,0.0001689466880634
1190.0,157.0860137939453,299.2650451660156,33.93301010131836,7.924896240234375,39.943241119384766,1.034000039100647,0.0,0.0010999999940395,1.691944635240361e-05,0.0001689466880634
1200.0,157.09039306640625,299.2427978515625,33.904720306396484,7.924896240234375,39.94581985473633,1.034000039100647,0.0,0.0010999999940395,1.691944635240361e-05,0.0001689466880634
1210.0,157.0922393798828,299.2209167480469,33.847660064697266,7.924896240234375,39.94517135620117,1.034000039100647,0.0,0.0010999999940395,1.691944635240361e-05,0.0001689466880634
1220.0,157.0937042236328,299.1992492675781,33.80412673950195,7.924896240234375,39.9516716003418,1.034000039100647,0.0,0.0010999999940395,1.691944635240361e-05,0.0001689466880634
1230.0,157.08766174316406,299.1763610839844,33.76933670043945,7.924896240234375,39.953155517578125,1.034000039100647,0.0,0.0010999999940395,1.691944635240361e-05,0.0001689466880634
1240.0,157.10594177246094,299.1541748046875,33.715599060058594,7.924896240234375,39.95439147949219,1.034000039100647,0.0,0.0010999999940395,1.691944635240361e-05,0.0001689466880634
1250.0,157.10386657714844,299.1334228515625,33.668914794921875,7.924896240234375,39.95741271972656,1.034000039100647,0.0,0.0010999999940395,1.691944635240361e-05,0.0001689466880634
1260.0,157.09022521972656,299.1112670898437,33.640499114990234,7.924896240234375,39.96257400512695,1.034000039100647,0.0,0.0010999999940395,1.691944635240361e-05,0.0001689466880634
1270.0,157.08859252929688,299.0887756347656,33.60145568847656,7.924896240234375,39.96577072143555,1.034000039100647,0.0,0.0010999999940395,1.691944635240361e-05,0.0001689466880634
1280.0,157.0955810546875,299.0664978027344,33.547027587890625,7.924896240234375,39.96778869628906,1.034000039100647,0.0,0.0010999999940395,1.691944635240361e-05,0.0001689466880634
1290.0,157.09939575195312,299.0453186035156,33.49945068359375,7.924896240234375,39.96929550170898,1.034000039100647,0.0,0.0010999999940395,1.691944635240361e-05,0.0001689466880634
1300.0,157.09286499023438,299.0224914550781,33.466854095458984,7.924896240234375,39.97467041015625,1.034000039100647,0.0,0.0010999999940395,1.691944635240361e-05,0.0001689466880634
1310.0,157.097412109375,299.00128173828125,33.41853713989258,7.924896240234375,39.97578048706055,1.034000039100647,0.0,0.0010999999940395,1.691944635240361e-05,0.0001689466880634
1320.0,157.08836364746094,298.9790344238281,33.39573287963867,7.924896240234375,39.97868728637695,1.034000039100647,0.0,0.0010999999940395,1.691944635240361e-05,0.0001689466880634
1330.0,157.10369873046875,298.95611572265625,33.34976577758789,7.924896240234375,39.9824447631836,1.034000039100647,0.0,0.0010999999940395,1.691944635240361e-05,0.0001689466880634
1340.0,157.08609008789062,298.9346618652344,33.32045364379883,7.924896240234375,39.99205780029297,1.034000039100647,0.0,0.0010999999940395,1.691944635240361e-05,0.0001689466880634
1350.0,157.09913635253906,298.9156799316406,33.36733627319336,7.924896240234375,39.96703720092773,1.034000039100647,0.0,0.0010999999940395,1.691944635240361e-05,0.0001689466880634
1360.0,157.1079559326172,298.8915405273437,33.450565338134766,7.924896240234375,39.94624710083008,1.034000039100647,0.0,0.0010999999940395,1.691944635240361e-05,0.0001689466880634
1370.0,157.10833740234375,298.8671264648437,33.4050407409668,7.924896240234375,39.99750900268555,1.034000039100647,0.0,0.0010999999940395,1.691944635240361e-05,0.0001689466880634
1380.0,157.09103393554688,298.8478698730469,33.3681755065918,7.924896240234375,39.9908447265625,1.034000039100647,0.0,0.0010999999940395,1.691944635240361e-05,0.0001689466880634
1390.0,157.08648681640625,298.8255615234375,33.33232879638672,7.924896240234375,40.02873229980469,1.034000039100647,0.0,0.0010999999940395,1.691944635240361e-05,0.0001689466880634
1400.0,157.08673095703125,298.8148803710937,33.319095611572266,7.924896240234375,40.11940002441406,1.034000039100647,0.0,0.0010999999940395,1.691944635240361e-05,0.0001689466880634
1410.0,157.08033752441406,298.8102722167969,33.29646301269531,7.924896240234375,40.09770584106445,1.034000039100647,0.0,0.0010999999940395,1.691944635240361e-05,0.0001689466880634
1420.0,157.11570739746094,298.80352783203125,33.26955795288086,7.924896240234375,40.1573371887207,1.034000039100647,0.0,0.0010999999940395,1.691944635240361e-05,0.0001689466880634
1430.0,157.11517333984375,298.8041381835937,33.25824737548828,7.924896240234375,40.15614318847656,1.034000039100647,0.0,0.0010999999940395,1.691944635240361e-05,0.0001689466880634
1440.0,157.09478759765625,298.8037109375,33.237430572509766,7.924896240234375,40.16114044189453,1.034000039100647,0.0,0.0010999999940395,1.691944635240361e-05,0.0001689466880634
1450.0,157.10107421875,298.8037109375,33.22517395019531,7.924896240234375,40.16846466064453,1.034000039100647,0.0,0.0010999999940395,1.691944635240361e-05,0.0001689466880634
1460.0,157.10304260253906,298.8036804199219,33.200592041015625,7.924896240234375,40.16835021972656,1.034000039100647,0.0,0.0010999999940395,1.691944635240361e-05,0.0001689466880634
1470.0,157.0619354248047,298.8038635253906,33.336116790771484,7.924896240234375,40.16424560546875,1.034000039100647,0.0,0.0010999999940395,1.691944635240361e-05,0.0001689466880634
1480.0,157.0687713623047,298.8066711425781,33.419281005859375,7.924896240234375,40.11508560180664,1.034000039100647,0.0,0.0010999999940395,1.691944635240361e-05,0.0001689466880634
1490.0,157.09934997558594,298.80279541015625,33.49017333984375,7.924896240234375,40.13393783569336,1.034000039100647,0.0,0.0010999999940395,1.691944635240361e-05,0.0001689466880634
1500.0,157.09402465820312,298.80230712890625,33.472110748291016,7.924896240234375,40.16943740844727,1.034000039100647,0.0,0.0010999999940395,1.691944635240361e-05,0.0001689466880634
1510.0,157.09848022460938,298.8048400878906,33.45832061767578,7.924896240234375,40.15446853637695,1.034000039100647,0.0,0.0010999999940395,1.691944635240361e-05,0.0001689466880634
1520.0,157.0930938720703,298.8037109375,33.44029235839844,7.924896240234375,40.149635314941406,1.034000039100647,0.0,0.0010999999940395,1.691944635240361e-05,0.0001689466880634
1530.0,157.09645080566406,298.8033142089844,33.43442153930664,7.924896240234375,40.15415954589844,1.034000039100647,0.0,0.0010999999940395,1.691944635240361e-05,0.0001689466880634
1540.0,157.0935516357422,298.803466796875,33.41986083984375,7.924896240234375,40.15557861328125,1.034000039100647,0.0,0.0010999999940395,1.691944635240361e-05,0.0001689466880634
1550.0,157.09967041015625,298.8045349121094,33.41576385498047,7.924896240234375,40.15115737915039,1.034000039100647,0.0,0.0010999999940395,1.691944635240361e-05,0.0001689466880634
1560.0,157.09571838378906,298.803955078125,33.40180969238281,7.924896240234375,40.1534423828125,1.034000039100647,0.0,0.0010999999940395,1.691944635240361e-05,0.0001689466880634
1570.0,157.09368896484375,298.8039855957031,33.38985824584961,7.924896240234375,40.15545272827149,1.034000039100647,0.0,0.0010999999940395,1.691944635240361e-05,0.0001689466880634
1580.0,157.09716796875,298.8044738769531,33.37933349609375,7.924896240234375,40.151214599609375,1.034000039100647,0.0,0.0010999999940395,1.691944635240361e-05,0.0001689466880634
1590.0,157.09449768066406,298.8039245605469,33.36826705932617,7.924896240234375,40.1537971496582,1.034000039100647,0.0,0.0010999999940395,1.691944635240361e-05,0.0001689466880634
1600.0,157.09814453125,298.8042907714844,33.359371185302734,7.924896240234375,40.15286636352539,1.034000039100647,0.0,0.0010999999940395,1.691944635240361e-05,0.0001689466880634
1610.0,157.09609985351562,298.803955078125,33.3506965637207,7.924896240234375,40.15460586547852,1.034000039100647,0.0,0.0010999999940395,1.691944635240361e-05,0.0001689466880634
1620.0,157.09974670410156,298.8042907714844,33.34355163574219,7.924896240234375,40.15250778198242,1.034000039100647,0.0,0.0010999999940395,1.691944635240361e-05,0.0001689466880634
1630.0,157.09754943847656,298.8039245605469,33.336334228515625,7.924896240234375,40.1547737121582,1.034000039100647,0.0,0.0010999999940395,1.691944635240361e-05,0.0001689466880634
1640.0,157.08975219726562,298.8036804199219,33.31034469604492,7.924896240234375,40.15460586547852,1.034000039100647,0.0,0.0010999999940395,1.691944635240361e-05,0.0001689466880634
1650.0,157.09693908691406,298.8036193847656,33.31626510620117,7.924896240234375,40.15238952636719,1.034000039100647,0.0,0.0010999999940395,1.691944635240361e-05,0.0001689466880634
1660.0,157.09228515625,298.8036193847656,33.300350189208984,7.924896240234375,40.15475463867188,1.034000039100647,0.0,0.0010999999940395,1.691944635240361e-05,0.0001689466880634
1670.0,157.09742736816406,298.80401611328125,33.29657745361328,7.924896240234375,40.1546745300293,1.034000039100647,0.0,0.0010999999940395,1.691944635240361e-05,0.0001689466880634
1680.0,157.10118103027344,298.8040466308594,33.29336166381836,7.924896240234375,40.15280151367188,1.034000039100647,0.0,0.0010999999940395,1.691944635240361e-05,0.0001689466880634
1690.0,157.1055908203125,298.80419921875,33.290828704833984,7.924896240234375,40.15299987792969,1.034000039100647,0.0,0.0010999999940395,1.691944635240361e-05,0.0001689466880634
1700.0,157.10333251953125,298.8035583496094,33.27336883544922,7.924896240234375,40.15448760986328,1.034000039100647,0.0,0.0010999999940395,1.691944635240361e-05,0.0001689466880634
1710.0,157.10743713378906,298.8037109375,33.27225875854492,7.924896240234375,40.15327835083008,1.034000039100647,0.0,0.0010999999940395,1.691944635240361e-05,0.0001689466880634
1720.0,157.11203002929688,298.8039245605469,33.271446228027344,7.924896240234375,40.15409469604492,1.034000039100647,0.0,0.0010999999940395,1.691944635240361e-05,0.0001689466880634
1730.0,157.1116485595703,298.8070983886719,33.38816452026367,7.924896240234375,40.13199615478516,1.034000039100647,0.0,0.0010999999940395,1.691944635240361e-05,0.0001689466880634
1740.0,157.06016540527344,298.8077392578125,33.59032440185547,7.924896240234375,40.096168518066406,1.034000039100647,0.0,0.0010999999940395,1.691944635240361e-05,0.0001689466880634
1750.0,157.11581420898438,298.8060913085937,33.77763748168945,7.924896240234375,40.10376739501953,1.034000039100647,0.0,0.0010999999940395,1.691944635240361e-05,0.0001689466880634
1760.0,157.08868408203125,298.80255126953125,33.76434326171875,7.924896240234375,40.14300537109375,1.034000039100647,0.0,0.0010999999940395,1.691944635240361e-05,0.0001689466880634
1770.0,157.09326171875,298.80517578125,33.76296615600586,7.924896240234375,40.14262771606445,1.034000039100647,0.0,0.0010999999940395,1.691944635240361e-05,0.0001689466880634
1780.0,157.09422302246094,298.8055725097656,33.75870895385742,7.924896240234375,40.12981414794922,1.034000039100647,0.0,0.0010999999940395,1.691944635240361e-05,0.0001689466880634
1790.0,157.10072326660156,298.804443359375,33.73992919921875,7.924896240234375,40.135162353515625,1.034000039100647,0.0,0.0010999999940395,1.691944635240361e-05,0.0001689466880634
1800.0,157.1015625,298.8042297363281,33.72751998901367,7.924896240234375,40.138710021972656,1.034000039100647,0.0,0.0010999999940395,1.691944635240361e-05,0.0001689466880634
1810.0,157.0943603515625,298.8058776855469,33.71466064453125,7.924896240234375,40.13239669799805,1.034000039100647,0.0,0.0010999999940395,1.691944635240361e-05,0.0001689466880634
1820.0,157.09144592285156,298.8045654296875,33.7171630859375,7.924896240234375,40.136451721191406,1.034000039100647,0.0,0.0010999999940395,1.691944635240361e-05,0.0001689466880634
1830.0,157.1068878173828,298.804931640625,33.69297790527344,7.924896240234375,40.139007568359375,1.034000039100647,0.0,0.0010999999940395,1.691944635240361e-05,0.0001689466880634
1840.0,157.0874481201172,298.8045959472656,33.704830169677734,7.924896240234375,40.13783645629883,1.034000039100647,0.0,0.0010999999940395,1.691944635240361e-05,0.0001689466880634
1850.0,157.09483337402344,298.804931640625,33.6833381652832,7.924896240234375,40.13990783691406,1.034000039100647,0.0,0.0010999999940395,1.691944635240361e-05,0.0001689466880634
1860.0,157.10951232910156,298.8042297363281,33.68326950073242,7.924896240234375,40.13668441772461,1.034000039100647,0.0,0.0010999999940395,1.691944635240361e-05,0.0001689466880634
1870.0,157.089111328125,298.8046569824219,33.68124008178711,7.924896240234375,40.141510009765625,1.034000039100647,0.0,0.0010999999940395,1.691944635240361e-05,0.0001689466880634
1880.0,157.08624267578125,298.8046569824219,33.66926574707031,7.924896240234375,40.13752746582031,1.034000039100647,0.0,0.0010999999940395,1.691944635240361e-05,0.0001689466880634
1890.0,157.08309936523438,298.8041381835937,33.67291259765625,7.924896240234375,40.1408576965332,1.034000039100647,0.0,0.0010999999940395,1.691944635240361e-05,0.0001689466880634
1900.0,157.09207153320312,298.80517578125,33.67573928833008,7.924896240234375,40.13674545288086,1.034000039100647,0.0,0.0010999999940395,1.691944635240361e-05,0.0001689466880634
1910.0,157.099609375,298.80517578125,33.65884780883789,7.924896240234375,40.13864517211914,1.034000039100647,0.0,0.0010999999940395,1.691944635240361e-05,0.0001689466880634
1920.0,157.09954833984375,298.8049621582031,33.67049789428711,7.924896240234375,40.14093399047852,1.034000039100647,0.0,0.0010999999940395,1.691944635240361e-05,0.0001689466880634
1930.0,157.08860778808594,298.8051147460937,33.66283416748047,7.924896240234375,40.14167785644531,1.034000039100647,0.0,0.0010999999940395,1.691944635240361e-05,0.0001689466880634
1940.0,157.09226989746094,298.8049621582031,33.65332794189453,7.924896240234375,40.13571166992188,1.034000039100647,0.0,0.0010999999940395,1.691944635240361e-05,0.0001689466880634
1950.0,157.0887451171875,298.803955078125,33.661319732666016,7.924896240234375,40.142337799072266,1.034000039100647,0.0,0.0010999999940395,1.691944635240361e-05,0.0001689466880634
1960.0,157.08029174804688,298.8047790527344,33.652854919433594,7.924896240234375,40.13865661621094,1.034000039100647,0.0,0.0010999999940395,1.691944635240361e-05,0.0001689466880634
1970.0,157.09971618652344,298.8078308105469,33.73197937011719,7.924896240234375,40.1240348815918,1.034000039100647,0.0,0.0010999999940395,1.691944635240361e-05,0.0001689466880634
1980.0,157.10592651367188,298.80816650390625,33.843387603759766,7.924896240234375,40.092918395996094,1.034000039100647,0.0,0.0010999999940395,1.691944635240361e-05,0.0001689466880634
1990.0,157.09381103515625,298.8034362792969,33.84632873535156,7.924896240234375,40.13797378540039,1.034000039100647,0.0,0.0010999999940395,1.691944635240361e-05,0.0001689466880634
2000.0,157.09288024902344,298.8056945800781,33.82927703857422,7.924896240234375,40.13922500610352,1.034000039100647,0.0,0.0010999999940395,1.691944635240361e-05,0.0001689466880634
2010.0,157.08778381347656,298.8055419921875,33.83969497680664,7.924896240234375,40.12693786621094,1.034000039100647,0.0,0.0010999999940395,1.691944635240361e-05,0.0001689466880634
2020.0,157.09014892578125,298.8054504394531,33.83789825439453,7.924896240234375,40.128231048583984,1.034000039100647,0.0,0.0010999999940395,1.691944635240361e-05,0.0001689466880634
2030.0,157.09291076660156,298.8052673339844,33.818843841552734,7.924896240234375,40.13357162475586,1.034000039100647,0.0,0.0010999999940395,1.691944635240361e-05,0.0001689466880634
2040.0,157.09500122070312,298.80615234375,33.829769134521484,7.924896240234375,40.13023376464844,1.034000039100647,0.0,0.0010999999940395,1.691944635240361e-05,0.0001689466880634
2050.0,157.0919189453125,298.8057556152344,33.81119537353516,7.924896240234375,40.13020706176758,1.034000039100647,0.0,0.0010999999940395,1.691944635240361e-05,0.0001689466880634
2060.0,157.0836944580078,298.8061828613281,33.81044387817383,7.924896240234375,40.12701416015625,1.034000039100647,0.0,0.0010999999940395,1.691944635240361e-05,0.0001689466880634
2070.0,157.0889892578125,298.80523681640625,33.82415008544922,7.924896240234375,40.132598876953125,1.034000039100647,0.0,0.0010999999940395,1.691944635240361e-05,0.0001689466880634
2080.0,157.0926971435547,298.8055419921875,33.8087043762207,7.924896240234375,40.13230514526367,1.034000039100647,0.0,0.0010999999940395,1.691944635240361e-05,0.0001689466880634
2090.0,157.0945281982422,298.8060302734375,33.82154846191406,7.924896240234375,40.12995910644531,1.034000039100647,0.0,0.0010999999940395,1.691944635240361e-05,0.0001689466880634
2100.0,157.09161376953125,298.80572509765625,33.804954528808594,7.924896240234375,40.13090515136719,1.034000039100647,0.0,0.0010999999940395,1.691944635240361e-05,0.0001689466880634
2110.0,157.08346557617188,298.8062744140625,33.806671142578125,7.924896240234375,40.12685394287109,1.034000039100647,0.0,0.0010999999940395,1.691944635240361e-05,0.0001689466880634
2120.0,157.08868408203125,298.8052673339844,33.822452545166016,7.924896240234375,40.13224411010742,1.034000039100647,0.0,0.0010999999940395,1.691944635240361e-05,0.0001689466880634
2130.0,157.0922393798828,298.8055725097656,33.80897521972656,7.924896240234375,40.13182830810547,1.034000039100647,0.0,0.0010999999940395,1.691944635240361e-05,0.0001689466880634
2140.0,157.0939483642578,298.8060607910156,33.82370376586914,7.924896240234375,40.12947082519531,1.034000039100647,0.0,0.0010999999940395,1.691944635240361e-05,0.0001689466880634
2150.0,157.08958435058594,298.80535888671875,33.808101654052734,7.924896240234375,40.13096237182617,1.034000039100647,0.0,0.0010999999940395,1.691944635240361e-05,0.0001689466880634
2160.0,157.11181640625,298.8062744140625,33.8121223449707,7.924896240234375,40.12847518920898,1.034000039100647,0.0,0.0010999999940395,1.691944635240361e-05,0.0001689466880634
2170.0,157.086181640625,298.8051452636719,33.82942199707031,7.924896240234375,40.13140869140625,1.034000039100647,0.0,0.0010999999940395,1.691944635240361e-05,0.0001689466880634
2180.0,157.11477661132812,298.8052978515625,33.826255798339844,7.924896240234375,40.1268310546875,1.034000039100647,0.0,0.0010999999940395,1.691944635240361e-05,0.0001689466880634
2190.0,157.0896453857422,298.8055725097656,33.83315658569336,7.924896240234375,40.13241958618164,1.034000039100647,0.0,0.0010999999940395,1.691944635240361e-05,0.0001689466880634
2200.0,157.0957489013672,298.8057556152344,33.84186172485352,7.924896240234375,40.12734222412109,1.034000039100647,0.0,0.0010999999940395,1.691944635240361e-05,0.0001689466880634
2210.0,157.1067657470703,298.8058166503906,33.824310302734375,7.924896240234375,40.13020706176758,1.034000039100647,0.0,0.0010999999940395,1.691944635240361e-05,0.0001689466880634
2220.0,157.1007537841797,298.806396484375,33.83671569824219,7.924896240234375,40.12687301635742,1.034000039100647,0.0,0.0010999999940395,1.691944635240361e-05,0.0001689466880634
2230.0,157.109375,298.8050842285156,33.84129333496094,7.924896240234375,40.12907409667969,1.034000039100647,0.0,0.0010999999940395,1.691944635240361e-05,0.0001689466880634
2240.0,157.096435546875,298.80633544921875,33.840423583984375,7.924896240234375,40.12427520751953,1.034000039100647,0.0,0.0010999999940395,1.691944635240361e-05,0.0001689466880634
2250.0,157.08834838867188,298.8051147460937,33.85823059082031,7.924896240234375,40.130653381347656,1.034000039100647,0.0,0.0010999999940395,1.691944635240361e-05,0.0001689466880634
2260.0,157.09056091308594,298.8058776855469,33.86575698852539,7.924896240234375,40.12630462646485,1.034000039100647,0.0,0.0010999999940395,1.691944635240361e-05,0.0001689466880634
2270.0,157.0915069580078,298.8056945800781,33.85491180419922,7.924896240234375,40.12889862060547,1.034000039100647,0.0,0.0010999999940395,1.691944635240361e-05,0.0001689466880634
2280.0,157.09188842773438,298.80621337890625,33.873226165771484,7.924896240234375,40.12774658203125,1.034000039100647,0.0,0.0010999999940395,1.691944635240361e-05,0.0001689466880634
2290.0,157.08779907226562,298.80572509765625,33.865379333496094,7.924896240234375,40.12542343139648,1.034000039100647,0.0,0.0010999999940395,1.691944635240361e-05,0.0001689466880634
2300.0,157.1065216064453,298.80633544921875,33.86676406860352,7.924896240234375,40.12698745727539,1.034000039100647,0.0,0.0010999999940395,1.691944635240361e-05,0.0001689466880634
2310.0,157.098876953125,298.8066101074219,33.88039016723633,7.924896240234375,40.12333297729492,1.034000039100647,0.0,0.0010999999940395,1.691944635240361e-05,0.0001689466880634
2320.0,157.1053466796875,298.8048400878906,33.888389587402344,7.924896240234375,40.12533950805664,1.034000039100647,0.0,0.0010999999940395,1.691944635240361e-05,0.0001689466880634
2330.0,157.09109497070312,298.8062744140625,33.885780334472656,7.924896240234375,40.12636566162109,1.034000039100647,0.0,0.0010999999940395,1.691944635240361e-05,0.0001689466880634
2340.0,157.1103057861328,298.8066711425781,33.89302444458008,7.924896240234375,40.12158203125,1.034000039100647,0.0,0.0010999999940395,1.691944635240361e-05,0.0001689466880634
2350.0,157.1004180908203,298.8064270019531,33.90620422363281,7.924896240234375,40.12302780151367,1.034000039100647,0.0,0.0010999999940395,1.691944635240361e-05,0.0001689466880634
2360.0,157.107177734375,298.8052062988281,33.91279983520508,7.924896240234375,40.12743377685547,1.034000039100647,0.0,0.0010999999940395,1.691944635240361e-05,0.0001689466880634
2370.0,157.0928497314453,298.8067321777344,33.91360855102539,7.924896240234375,40.12050628662109,1.034000039100647,0.0,0.0010999999940395,1.691944635240361e-05,0.0001689466880634
2380.0,157.110107421875,298.8065795898437,33.91999053955078,7.924896240234375,40.12023162841797,1.034000039100647,0.0,0.0010999999940395,1.691944635240361e-05,0.0001689466880634
2390.0,157.0997314453125,298.80645751953125,33.933799743652344,7.924896240234375,40.12335205078125,1.034000039100647,0.0,0.0010999999940395,1.691944635240361e-05,0.0001689466880634
2400.0,157.10491943359375,298.8050842285156,33.9406623840332,7.924896240234375,40.12623596191406,1.034000039100647,0.0,0.0010999999940395,1.691944635240361e-05,0.0001689466880634
2410.0,157.09048461914062,298.8067626953125,33.94182205200195,7.924896240234375,40.12059783935547,1.034000039100647,0.0,0.0010999999940395,1.691944635240361e-05,0.0001689466880634
2420.0,157.10775756835938,298.8067321777344,33.94890594482422,7.924896240234375,40.1191520690918,1.034000039100647,0.0,0.0010999999940395,1.691944635240361e-05,0.0001689466880634
2430.0,157.0970001220703,298.8066101074219,33.962928771972656,7.924896240234375,40.12177276611328,1.034000039100647,0.0,0.0010999999940395,1.691944635240361e-05,0.0001689466880634
2440.0,157.09280395507812,298.8065795898437,33.98237991333008,7.924896240234375,40.12158584594727,1.034000039100647,0.0,0.0010999999940395,1.691944635240361e-05,0.0001689466880634
2450.0,157.0931854248047,298.80615234375,33.99334716796875,7.924896240234375,40.11978912353516,1.034000039100647,0.0,0.0010999999940395,1.691944635240361e-05,0.0001689466880634
2460.0,157.08973693847656,298.80615234375,34.000370025634766,7.924896240234375,40.11973190307617,1.034000039100647,0.0,0.0010999999940395,1.691944635240361e-05,0.0001689466880634
2470.0,157.1125946044922,298.80584716796875,34.00025939941406,7.924896240234375,40.1176643371582,1.034000039100647,0.0,0.0010999999940395,1.691944635240361e-05,0.0001689466880634
2480.0,157.0938262939453,298.8067321777344,33.999610900878906,7.924896240234375,40.11761474609375,1.034000039100647,0.0,0.0010999999940395,1.691944635240361e-05,0.0001689466880634
2490.0,157.10914611816406,298.8069152832031,34.0071907043457,7.924896240234375,40.11774063110352,1.034000039100647,0.0,0.0010999999940395,1.691944635240361e-05,0.0001689466880634
2500.0,157.0966796875,298.8069763183594,34.021728515625,7.924896240234375,40.11808776855469,1.034000039100647,0.0,0.0010999999940395,1.691944635240361e-05,0.0001689466880634
2510.0,157.09072875976562,298.8067626953125,34.04087829589844,7.924896240234375,40.11837768554688,1.034000039100647,0.0,0.0010999999940395,1.691944635240361e-05,0.0001689466880634
2520.0,157.08981323242188,298.80633544921875,34.0517463684082,7.924896240234375,40.11772155761719,1.034000039100647,0.0,0.0010999999940395,1.691944635240361e-05,0.0001689466880634
2530.0,157.0854949951172,298.8063659667969,34.058555603027344,7.924896240234375,40.11711120605469,1.034000039100647,0.0,0.0010999999940395,1.691944635240361e-05,0.0001689466880634
2540.0,157.1077117919922,298.8060607910156,34.05849838256836,7.924896240234375,40.11546325683594,1.034000039100647,0.0,0.0010999999940395,1.691944635240361e-05,0.0001689466880634
2550.0,157.0883331298828,298.80694580078125,34.05760192871094,7.924896240234375,40.11509704589844,1.034000039100647,0.0,0.0010999999940395,1.691944635240361e-05,0.0001689466880634
2560.0,157.1032257080078,298.8070678710937,34.06515884399414,7.924896240234375,40.1154899597168,1.034000039100647,0.0,0.0010999999940395,1.691944635240361e-05,0.0001689466880634
2570.0,157.09039306640625,298.80718994140625,34.07966613769531,7.924896240234375,40.11566925048828,1.034000039100647,0.0,0.0010999999940395,1.691944635240361e-05,0.0001689466880634
2580.0,157.08409118652344,298.80694580078125,34.09867858886719,7.924896240234375,40.11605072021485,1.034000039100647,0.0,0.0010999999940395,1.691944635240361e-05,0.0001689466880634
2590.0,157.0829315185547,298.8065185546875,34.10943603515625,7.924896240234375,40.11517333984375,1.034000039100647,0.0,0.0010999999940395,1.691944635240361e-05,0.0001689466880634
2600.0,157.103271484375,298.8103332519531,34.2063102722168,7.924896240234375,40.09064865112305,1.034000039100647,0.0,0.0010999999940395,1.691944635240361e-05,0.0001689466880634
2610.0,157.0864715576172,298.8060913085937,34.20140075683594,7.924896240234375,40.10989761352539,1.034000039100647,0.0,0.0010999999940395,1.691944635240361e-05,0.0001689466880634
2620.0,157.0995330810547,298.80731201171875,34.206600189208984,7.924896240234375,40.11705017089844,1.034000039100647,0.0,0.0010999999940395,1.691944635240361e-05,0.0001689466880634
2630.0,157.09510803222656,298.809814453125,34.32283020019531,7.924896240234375,40.08275985717773,1.034000039100647,0.0,0.0010999999940395,1.691944635240361e-05,0.0001689466880634
2640.0,157.10195922851562,298.80645751953125,34.314945220947266,7.924896240234375,40.10862350463867,1.034000039100647,0.0,0.0010999999940395,1.691944635240361e-05,0.0001689466880634
2650.0,157.11526489257812,298.80987548828125,34.42699432373047,7.924896240234375,40.09531021118164,1.034000039100647,0.0,0.0010999999940395,1.691944635240361e-05,0.0001689466880634
2660.0,157.0796356201172,298.8072814941406,34.43085479736328,7.924896240234375,40.09547805786133,1.034000039100647,0.0,0.0010999999940395,1.691944635240361e-05,0.0001689466880634
2670.0,157.09912109375,298.8074035644531,34.42724609375,7.924896240234375,40.10643005371094,1.034000039100647,0.0,0.0010999999940395,1.691944635240361e-05,0.0001689466880634
2680.0,157.0828857421875,298.8077087402344,34.451019287109375,7.924896240234375,40.10459899902344,1.034000039100647,0.0,0.0010999999940395,1.691944635240361e-05,0.0001689466880634
2690.0,157.08895874023438,298.80792236328125,34.44537353515625,7.924896240234375,40.09541320800781,1.034000039100647,0.0,0.0010999999940395,1.691944635240361e-05,0.0001689466880634
2700.0,157.09127807617188,298.8080444335937,34.45057678222656,7.924896240234375,40.10552597045898,1.034000039100647,0.0,0.0010999999940395,1.691944635240361e-05,0.0001689466880634
2710.0,157.08493041992188,298.8082275390625,34.45277404785156,7.924896240234375,40.09953689575195,1.034000039100647,0.0,0.0010999999940395,1.691944635240361e-05,0.0001689466880634
2720.0,157.1053009033203,298.807373046875,34.46731185913086,7.924896240234375,40.10166931152344,1.034000039100647,0.0,0.0010999999940395,1.691944635240361e-05,0.0001689466880634
2730.0,157.11038208007812,298.8090515136719,34.46464157104492,7.924896240234375,40.09586334228516,1.034000039100647,0.0,0.0010999999940395,1.691944635240361e-05,0.0001689466880634
2740.0,157.0859832763672,298.8081359863281,34.46854782104492,7.924896240234375,40.100372314453125,1.034000039100647,0.0,0.0010999999940395,1.691944635240361e-05,0.0001689466880634
2750.0,157.08645629882812,298.80792236328125,34.48984146118164,7.924896240234375,40.09861755371094,1.034000039100647,0.0,0.0010999999940395,1.691944635240361e-05,0.0001689466880634
2760.0,157.0933837890625,298.8078308105469,34.48572540283203,7.924896240234375,40.09654998779297,1.034000039100647,0.0,0.0010999999940395,1.691944635240361e-05,0.0001689466880634
2770.0,157.1012420654297,298.8082275390625,34.48159408569336,7.924896240234375,40.10364532470703,1.034000039100647,0.0,0.0010999999940395,1.691944635240361e-05,0.0001689466880634
2780.0,157.09075927734375,298.8075561523437,34.49801254272461,7.924896240234375,40.0971794128418,1.034000039100647,0.0,0.0010999999940395,1.691944635240361e-05,0.0001689466880634
2790.0,157.07809448242188,298.80792236328125,34.51396942138672,7.924896240234375,40.10091400146485,1.034000039100647,0.0,0.0010999999940395,1.691944635240361e-05,0.0001689466880634
2800.0,157.088623046875,298.80877685546875,34.50394058227539,7.924896240234375,40.0933837890625,1.034000039100647,0.0,0.0010999999940395,1.691944635240361e-05,0.0001689466880634
2810.0,157.09811401367188,298.8088073730469,34.51710891723633,7.924896240234375,40.0976676940918,1.034000039100647,0.0,0.0010999999940395,1.691944635240361e-05,0.0001689466880634
2820.0,157.0799560546875,298.808349609375,34.52702331542969,7.924896240234375,40.09798049926758,1.034000039100647,0.0,0.0010999999940395,1.691944635240361e-05,0.0001689466880634
2830.0,157.08062744140625,298.807861328125,34.53543472290039,7.924896240234375,40.09572982788086,1.034000039100647,0.0,0.0010999999940395,1.691944635240361e-05,0.0001689466880634
2840.0,157.091796875,298.8078308105469,34.54823684692383,7.924896240234375,40.098480224609375,1.034000039100647,0.0,0.0010999999940395,1.691944635240361e-05,0.0001689466880634
2850.0,157.11634826660156,298.8080139160156,34.54386138916016,7.924896240234375,40.09464263916016,1.034000039100647,0.0,0.0010999999940395,1.691944635240361e-05,0.0001689466880634
2860.0,157.0836639404297,298.8084716796875,34.53505325317383,7.924896240234375,40.09419250488281,1.034000039100647,0.0,0.0010999999940395,1.691944635240361e-05,0.0001689466880634
2870.0,157.09239196777344,298.8090209960937,34.54965591430664,7.924896240234375,40.095680236816406,1.034000039100647,0.0,0.0010999999940395,1.691944635240361e-05,0.0001689466880634
2880.0,157.11036682128906,298.8084716796875,34.55038833618164,7.924896240234375,40.09425354003906,1.034000039100647,0.0,0.0010999999940395,1.691944635240361e-05,0.0001689466880634
2890.0,157.08506774902344,298.8088073730469,34.55977249145508,7.924896240234375,40.09627151489258,1.034000039100647,0.0,0.0010999999940395,1.691944635240361e-05,0.0001689466880634
2900.0,157.0829620361328,298.8080444335937,34.58216094970703,7.924896240234375,40.09432601928711,1.034000039100647,0.0,0.0010999999940395,1.691944635240361e-05,0.0001689466880634
2910.0,157.10629272460938,298.807861328125,34.579864501953125,7.924896240234375,40.0923080444336,1.034000039100647,0.0,0.0010999999940395,1.691944635240361e-05,0.0001689466880634
2920.0,157.0882568359375,298.8080139160156,34.5981559753418,7.924896240234375,40.0958251953125,1.034000039100647,0.0,0.0010999999940395,1.691944635240361e-05,0.0001689466880634
2930.0,157.0955047607422,298.808837890625,34.58416748046875,7.924896240234375,40.09251022338867,1.034000039100647,0.0,0.0010999999940395,1.691944635240361e-05,0.0001689466880634
2940.0,157.0976104736328,298.8088073730469,34.58808135986328,7.924896240234375,40.092586517333984,1.034000039100647,0.0,0.0010999999940395,1.691944635240361e-05,0.0001689466880634
2950.0,157.08282470703125,298.8085632324219,34.61427688598633,7.924896240234375,40.094200134277344,1.034000039100647,0.0,0.0010999999940395,1.691944635240361e-05,0.0001689466880634
2960.0,157.08053588867188,298.8082275390625,34.62300491333008,7.924896240234375,40.09178161621094,1.034000039100647,0.0,0.0010999999940395,1.691944635240361e-05,0.0001689466880634
2970.0,157.08753967285156,298.8089294433594,34.612789154052734,7.924896240234375,40.09017562866211,1.034000039100647,0.0,0.0010999999940395,1.691944635240361e-05,0.0001689466880634
2980.0,157.09329223632812,298.8092346191406,34.62784194946289,7.924896240234375,40.09125900268555,1.034000039100647,0.0,0.0010999999940395,1.691944635240361e-05,0.0001689466880634
2990.0,157.0888671875,298.8085021972656,34.65054702758789,7.924896240234375,40.090702056884766,1.034000039100647,0.0,0.0010999999940395,1.691944635240361e-05,0.0001689466880634
3000.0,157.11082458496094,298.8083190917969,34.64798355102539,7.924896240234375,40.08859634399414,1.034000039100647,0.0,0.0010999999940395,1.691944635240361e-05,0.0001689466880634
3010.0,157.1094970703125,298.8094787597656,34.645145416259766,7.924896240234375,40.08942413330078,1.034000039100647,0.0,0.0010999999940395,1.691944635240361e-05,0.0001689466880634
